"","sigma","h","mu","f"
"1",0.573872620423014,0.00599047608072093,2.94213925094965e-05,0.0874020952653761
"2",0.386632656290506,0.0148001098746641,1.54235782563997e-05,0.129768785539394
"3",0.864551585853721,0.0101965295301246,2.11070966411848e-05,0.0748894945485517
