"","sigma","h","mu","f"
"1",0.168271617824212,0.0137643144626054,2.37836870941333e-05,0.050810595380608
